doc_id;datetime;text;media;alt_text;likes;reposts;replies;username;handle;user_description;user_image;user_followers;sponsored;target;condition;sequence;commented_post;source
1;4/4/26 8:45:00;Five girls. Airport. 6AM. No one knows where the passports are, someone forgot the charger, and we‚Äôre off to an extremely strong start. (When everyone is type b);https://raw.githubusercontent.com/nilayyiigit/raw-pics/main/airport%20girls%20holiday.jpeg;;12000;523;134;travelwithamelia;Amelia Link;Probably at an airport ;https://raw.githubusercontent.com/nilayyiigit/raw-pics/128e6a3dcff74b0471df48bf4569b3e4e8924374/infleuncer_1_profir_fotosu.jpeg;223123;0;;Entertaining and Factual;1;0;
2;4/4/26 8:45:00;"Why do couples say ‚Äúwe‚Äôre fine‚Äù‚Ä®like it‚Äôs a legally binding statement?
You‚Äôre not fine.‚Ä®You‚Äôre just tired.";;;10123;71;103;livinwitholivia;Olivia Crest;Coffee lover & unbothered queen ;https://raw.githubusercontent.com/nilayyiigit/raw-pics/main/infleuncer%20promoting%20real%20brand%20profil%20fotosu%201.jpeg;154123;0;;Entertaining and Factual;2;0;
3;4/4/26 8:45:00;"‚ÄúIt actually works. I‚Äôve tried everything for the cystic acne on my cheek, nothing helped.‚Ä®After just 4 days, the difference is incredible. I don‚Äôt fully understand the science‚Ä¶ but I see the results.‚Äù Loved by customers of all ages for visible, confidence-boosting results ü§ç
Meet the N≈åVASKIN High-Frequency Wand
A modern skincare device designed to support clearer, healthier-looking skin, from the comfort of home.

‚úî Helps reduce acne & prevent future breakouts
‚úî Reduces puffiness & the look of dark circles
‚úî Speeds up the appearance of healing for scars & blemishes‚Ä®
‚úî Minimizes the appearance of pores & blackheads";https://raw.githubusercontent.com/nilayyiigit/raw-pics/main/factual%20ad%201.png;;8012;162;19;N≈åVASKIN;N≈åVASKIN;Free from what doesn‚Äôt serve you. Powered by frequency. Designed for real skin.;https://raw.githubusercontent.com/nilayyiigit/raw-pics/main/brand%20logo%20for%20ad.png;53023;1;;Entertaining and Factual;3;0;
4;4/4/26 8:45:00;i‚Äôm just a girl but somehow that means I have 47 tabs open in my brain, zero idea where my charger is, and a fully developed scenario in my head that hasn‚Äôt even happened yet.;https://raw.githubusercontent.com/nilayyiigit/raw-pics/main/foto.jpeg;;768;62;13;Crispy Chaos;chaoticcrisps;I post memes because therapy is expensive.;https://raw.githubusercontent.com/nilayyiigit/raw-pics/main/komik%20paylas%CC%A7%C4%B1m%20profir%20fotosu%202.jpeg;5912;0;;Entertaining and Factual;4;0;
5;4/4/26 8:45:00;"Certain ‚ÄòA-list couples‚Äô be like ‚Äòrespect our privacy‚Äô and then drop a 10-slide Notes app apology at 3AM.
Anyway, which Golden Boy is cheating on which It Girl this week? üëÄ
#blinditems #notesappculture";;;45678;347;98;PopChaosArchives;celebsandcrisis;Reporting celebrity drama while my own life burns in the background üî•;https://raw.githubusercontent.com/nilayyiigit/raw-pics/main/komik%20payls%CC%A7a%C4%B1m%20fotosu%20profil%20fotosu%201.jpeg;789746;0;;Entertaining and Factual;5;0;
6;4/4/26 8:45:00;how those extra 5 minutes of sleep feels: like a full software update for your brain and suddenly you‚Äôre 12% less dramatic about literally everything today for absolutely no reason.;https://raw.githubusercontent.com/nilayyiigit/raw-pics/main/sleep.jpeg;;84000;8600;45;Hashjenniiii;Jenni ;Funny first, facts later;https://raw.githubusercontent.com/nilayyiigit/raw-pics/main/profit%20pphotosu%20son.jpeg;57485;0;;Entertaining and Factual;6;0;
7;4/4/26 8:45:00;Five girls. Airport. 6AM. No one knows where the passports are, someone forgot the charger, and we‚Äôre off to an extremely strong start. (When everyone is type b);https://raw.githubusercontent.com/nilayyiigit/raw-pics/main/airport%20girls%20holiday.jpeg;;12000;523;134;travelwithamelia;Amelia Link;Probably at an airport ;https://raw.githubusercontent.com/nilayyiigit/raw-pics/128e6a3dcff74b0471df48bf4569b3e4e8924374/infleuncer_1_profir_fotosu.jpeg;223123;0;;Entertaining and Misleading;1;0;
8;4/4/26 8:45:00;"Why do couples say ‚Äúwe‚Äôre fine‚Äù‚Ä®like it‚Äôs a legally binding statement?
You‚Äôre not fine.‚Ä®You‚Äôre just tired.";;;10123;71;103;livinwitholivia;Olivia Crest;Coffee lover & unbothered queen ;https://raw.githubusercontent.com/nilayyiigit/raw-pics/main/infleuncer%20promoting%20real%20brand%20profil%20fotosu%201.jpeg;154123;0;;Entertaining and Misleading;2;0;
9;4/4/26 8:45:00;"‚ÄúIt actually works. I‚Äôve tried everything for the cystic acne on my cheek, nothing helped.‚Ä®After just 4 days, the difference is incredible. I don‚Äôt fully understand the science‚Ä¶ but I see the results.‚Äù Loved by customers of all ages for visible, confidence-boosting results ü§ç
Meet the N≈åVASKIN High-Frequency Wand
A modern skincare device designed to support clearer, healthier-looking skin, from the comfort of home.

‚úî Helps reduce acne & prevent future breakouts‚Ä®
‚úî Speeds up the appearance of healing for scars & blemishes‚Ä®
‚úî Reduces puffiness & the look of dark circles‚Ä®
‚úî Minimizes the appearance of pores & blackheads";https://raw.githubusercontent.com/nilayyiigit/raw-pics/main/false%20claim%201.png;;8012;162;19;N≈åVASKIN;N≈åVASKIN;Free from what doesn‚Äôt serve you. Powered by frequency. Designed for real skin.;https://raw.githubusercontent.com/nilayyiigit/raw-pics/main/brand%20logo%20for%20ad.png;53023;1;;Entertaining and Misleading;3;0;
10;4/4/26 8:45:00;i‚Äôm just a girl but somehow that means I have 47 tabs open in my brain, zero idea where my charger is, and a fully developed scenario in my head that hasn‚Äôt even happened yet.;https://raw.githubusercontent.com/nilayyiigit/raw-pics/main/foto.jpeg;;768;62;13;Crispy Chaos;chaoticcrisps;I post memes because therapy is expensive.;https://raw.githubusercontent.com/nilayyiigit/raw-pics/main/komik%20paylas%CC%A7%C4%B1m%20profir%20fotosu%202.jpeg;5912;0;;Entertaining and Misleading;4;0;
11;4/4/26 8:45:00;"Certain ‚ÄòA-list couples‚Äô be like ‚Äòrespect our privacy‚Äô and then drop a 10-slide Notes app apology at 3AM.
Anyway, which Golden Boy is cheating on which It Girl this week? üëÄ
#blinditems #notesappculture";;;45678;347;98;PopChaosArchives;celebsandcrisis;Reporting celebrity drama while my own life burns in the background üî•;https://raw.githubusercontent.com/nilayyiigit/raw-pics/main/komik%20payls%CC%A7a%C4%B1m%20fotosu%20profil%20fotosu%201.jpeg;789746;0;;Entertaining and Misleading;5;0;
12;4/4/26 8:45:00;how those extra 5 minutes of sleep feels: like a full software update for your brain and suddenly you‚Äôre 12% less dramatic about literally everything today for absolutely no reason.;https://raw.githubusercontent.com/nilayyiigit/raw-pics/main/sleep.jpeg;;84000;8600;45;Hashjenniiii;Jenni ;Funny first, facts later;https://raw.githubusercontent.com/nilayyiigit/raw-pics/main/profit%20pphotosu%20son.jpeg;57485;0;;Entertaining and Misleading;6;0;
13;4/4/26 8:45:00;Greenland is dominating headlines, diplomatic tensions over sovereignty and climate science are rising as melting ice reveals Cold War bases and raises sea level concerns.;"https://raw.githubusercontent.com/nilayyiigit/raw-pics/main/greenland.jpeg
";;49789;6024;946;NewsAdress;News Adress;Breaking news and in-depth reporting on global events, updated daily.;https://raw.githubusercontent.com/nilayyiigit/raw-pics/main/news%20site%20q%20logo.jpeg;205627;0;;Professional and Factual;1;0;
14;4/4/26 8:45:00;"A career insight I keep coming back to:‚Ä®Hard skills help you get noticed early on.‚Ä®But communication, ownership, and judgment are what actually move you forward.
The real shift happens when you stop waiting for instructions and start thinking like the person responsible for the outcome. ";;;3489;6;89;Danielbrooks;Daniel Brooks;"Sharing career lessons, work insights, and things I wish I knew earlier.
";https://raw.githubusercontent.com/nilayyiigit/raw-pics/main/linkeldn%20picture.jpeg;11896;0;;Professional and Factual;2;0;
15;4/4/26 8:45:00;"‚ÄúIt actually works. I‚Äôve tried everything for the cystic acne on my cheek, nothing helped.‚Ä®After just 4 days, the difference is incredible. I don‚Äôt fully understand the science‚Ä¶ but I see the results.‚Äù Loved by customers of all ages for visible, confidence-boosting results ü§ç
Meet the N≈åVASKIN High-Frequency Wand
A modern skincare device designed to support clearer, healthier-looking skin, from the comfort of home.

‚úî Helps reduce acne & prevent future breakouts‚Ä®
‚úî Speeds up the appearance of healing for scars & blemishes‚Ä®
‚úî Reduces puffiness & the look of dark circles‚Ä®
‚úî Minimizes the appearance of pores & blackheads";https://raw.githubusercontent.com/nilayyiigit/raw-pics/main/factual%20ad%201.png;;8012;162;19;N≈åVASKIN;N≈åVASKIN;Free from what doesn‚Äôt serve you. Powered by frequency. Designed for real skin.;https://raw.githubusercontent.com/nilayyiigit/raw-pics/main/brand%20logo%20for%20ad.png;53023;1;;Professional and Factual;3;0;
16;4/4/26 8:45:00;Researchers reported a newly discovered quantum state that bridges quantum criticality and topology, a development that could reshape future quantum tech and materials.;https://raw.githubusercontent.com/nilayyiigit/raw-pics/main/picscience.jpeg;;24820;316;154;Phys.org;Phys ORG;Scientific News. Breakthroughs in Physics & Material Science;https://raw.githubusercontent.com/nilayyiigit/raw-pics/main/logo%20science.png;212460;0;;Professional and Factual;4;0;
17;4/4/26 8:45:00;"U.S. markets today:
S&P 500 slightly up as investors digest inflation data and Fed expectations.
Big tech remains the main driver while small caps lag behind. #finance üéØ";;;5890;128;89;Ethanmiller;ethanm_markets;"Tracking macro trends, and long-term investing ideas. Breaking down what‚Äôs moving stocks, and why it matters.
Not financial advice. Educational only.";https://raw.githubusercontent.com/nilayyiigit/raw-pics/main/finance%20bro%20profile%20picture.jpeg;32760;0;;Professional and Factual;5;0;
18;4/4/26 8:45:00;NASA and global partners launched new satellites and space science missions this year, kickstarting 2026 with advances in exoplanet study, solar research, and deep space exploration.;"https://raw.githubusercontent.com/nilayyiigit/raw-pics/main/nasa.jpg
";;67470;635;214;Yourspacenews;Space News;Tracking humanity‚Äôs reach beyond Earth. Space news, discoveries, and the future of exploration.;https://raw.githubusercontent.com/nilayyiigit/raw-pics/main/space%20news%20logo.jpg;26790;0;;Professional and Factual;6;0;
19;4/4/26 8:45:00;Greenland is dominating headlines, diplomatic tensions over sovereignty and climate science are rising as melting ice reveals Cold War bases and raises sea level concerns.;"https://raw.githubusercontent.com/nilayyiigit/raw-pics/main/greenland.jpeg
";;49789;6024;946;NewsAdress;News Adress;Breaking news and in-depth reporting on global events, updated daily.;https://raw.githubusercontent.com/nilayyiigit/raw-pics/main/news%20site%20q%20logo.jpeg;205627;0;;Professional and Misleading;1;0;
20;4/4/26 8:45:00;"A career insight I keep coming back to:‚Ä®Hard skills help you get noticed early on.‚Ä®But communication, ownership, and judgment are what actually move you forward.
The real shift happens when you stop waiting for instructions and start thinking like the person responsible for the outcome. ";;;3489;6;89;Danielbrooks;Daniel Brooks;"Sharing career lessons, work insights, and things I wish I knew earlier.
";https://raw.githubusercontent.com/nilayyiigit/raw-pics/main/linkeldn%20picture.jpeg;11896;0;;Professional and Misleading;2;0;
21;4/4/26 8:45:00;"‚ÄúIt actually works. I‚Äôve tried everything for the cystic acne on my cheek, nothing helped.‚Ä®After just 4 days, the difference is incredible. I don‚Äôt fully understand the science‚Ä¶ but I see the results.‚Äù Loved by customers of all ages for visible, confidence-boosting results ü§ç
Meet the N≈åVASKIN High-Frequency Wand
A modern skincare device designed to support clearer, healthier-looking skin, from the comfort of home.

‚úî Helps reduce acne & prevent future breakouts‚Ä®
‚úî Speeds up the appearance of healing for scars & blemishes‚Ä®
‚úî Reduces puffiness & the look of dark circles‚Ä®
‚úî Minimizes the appearance of pores & blackheads";https://raw.githubusercontent.com/nilayyiigit/raw-pics/main/false%20claim%201.png;;8012;162;19;N≈åVASKIN;N≈åVASKIN;Free from what doesn‚Äôt serve you. Powered by frequency. Designed for real skin.;https://raw.githubusercontent.com/nilayyiigit/raw-pics/main/brand%20logo%20for%20ad.png;53023;1;;Professional and Misleading;3;0;
22;4/4/26 8:45:00;Researchers reported a newly discovered quantum state that bridges quantum criticality and topology, a development that could reshape future quantum tech and materials.;https://raw.githubusercontent.com/nilayyiigit/raw-pics/main/picscience.jpeg;;24820;316;154;Phys.org;Phys ORG;Scientific News. Breakthroughs in Physics & Material Science;https://raw.githubusercontent.com/nilayyiigit/raw-pics/main/logo%20science.png;212460;0;;Professional and Misleading;4;0;
23;4/4/26 8:45:00;"U.S. markets today:
S&P 500 slightly up as investors digest inflation data and Fed expectations.
Big tech remains the main driver while small caps lag behind. #finance üéØ";;;5890;128;89;Ethanmiller;ethanm_markets;"Tracking macro trends, and long-term investing ideas. Breaking down what‚Äôs moving stocks, and why it matters.
Not financial advice. Educational only.";https://raw.githubusercontent.com/nilayyiigit/raw-pics/main/finance%20bro%20profile%20picture.jpeg;32760;0;;Professional and Misleading;5;0;

24;4/4/26 8:45:00;NASA and global partners launched new satellites and space science missions this year, kickstarting 2026 with advances in exoplanet study, solar research, and deep space exploration.;"https://raw.githubusercontent.com/nilayyiigit/raw-pics/main/nasa.jpg
";;67470;635;214;Yourspacenews;Space News;Tracking humanity‚Äôs reach beyond Earth. Space news, discoveries, and the future of exploration.;https://raw.githubusercontent.com/nilayyiigit/raw-pics/main/space%20news%20logo.jpg;26790;0;;Professional and Misleading;6;0;

